"Precision","Recall","F1","Accuracy","PValue","Sensitivity","Specificity"
0.957846586910626,0.999926535409932,0.978434332542592,0.957782155924571,0.507678615894344,0.999926535409932,0.00166666666666667
